<?xml version = "1.0" encoding = "utf-8"?>
<!DOCTYPE HIBERNATE-CONFIGURATION SYSTEM
"http://www.hibernate.org/dtd/hibernate-configuration-3.0.dtd">
<hibernate-configuration>
    <session-factory>
    <property name="hbm2ddl.auto">update</property>
    <property name="dialect">org.hibernate.dialect.SQLServerDialect</property>
    <property name="connection.url">jdbc:sqlserver://127.0.0.1:1433;DatabaseName=hibernateDB;encrypt=true;trustServerCertificate=true</property>
    <property name="connection.username">sa</property>
    <property name="connection.password">Aa@123456</property>
    <property name="connection.driver_class">com.microsoft.sqlserver.jdbc.SQLServerDriver</property>

    <mapping class="com.example.pojo.Student" />
    <mapping class="com.example.pojo.Book" />
    </session-factory>
</hibernate-configuration>